{"cameraMode":{"drawMode":0,"name":"Shaded","section":"Shading Mode"},"sceneLighting":true,"audioPlay":false,"sceneViewState":{"showFog":true,"showMaterialUpdate":false,"showSkybox":true,"showFlares":true,"showImageEffects":true,"showParticleSystems":true},"in2DMode":false,"pivot":{"x":0.09409233182668686,"y":1.2184460163116456,"z":-0.01708984375},"rotation":{"x":0.21004125475883485,"y":0.649054765701294,"z":-0.19333286583423615,"w":0.7051479816436768},"size":8.53996467590332,"orthographic":true}