{"cameraMode":{"drawMode":0,"name":"Shaded","section":"Shading Mode"},"sceneLighting":true,"audioPlay":false,"sceneViewState":{"showFog":true,"showMaterialUpdate":true,"showSkybox":true,"showFlares":true,"showImageEffects":true,"showParticleSystems":true},"in2DMode":false,"pivot":{"x":5.5,"y":1.1290676593780518,"z":2.495967388153076},"rotation":{"x":0.39727783203125,"y":-0.16190414130687715,"z":0.07143023610115051,"w":0.9004769921302795},"size":1.2468461990356446,"orthographic":false}