{"cameraMode":{"drawMode":0,"name":"Shaded","section":"Shading Mode"},"sceneLighting":true,"audioPlay":false,"sceneViewState":{"showFog":true,"showMaterialUpdate":true,"showSkybox":true,"showFlares":true,"showImageEffects":true,"showParticleSystems":true},"in2DMode":false,"pivot":{"x":2.836660146713257,"y":1.078125,"z":-8.26935863494873},"rotation":{"x":0.21085122227668763,"y":0.5283608436584473,"z":-0.13739082217216493,"w":0.8108655214309692},"size":2.3773107528686525,"orthographic":true}