{"cameraMode":{"drawMode":0,"name":"Shaded","section":"Shading Mode"},"sceneLighting":true,"audioPlay":false,"sceneViewState":{"showFog":true,"showMaterialUpdate":true,"showSkybox":true,"showFlares":true,"showImageEffects":true,"showParticleSystems":true},"in2DMode":false,"pivot":{"x":-0.7407435178756714,"y":0.42529296875,"z":-2.7741103172302248},"rotation":{"x":-0.70437091588974,"y":-0.07690314948558808,"z":0.07722711563110352,"w":-0.701416015625},"size":8.620160102844239,"orthographic":false}