{"cameraMode":{"drawMode":0,"name":"Shaded","section":"Shading Mode"},"sceneLighting":true,"audioPlay":false,"sceneViewState":{"showFog":true,"showMaterialUpdate":true,"showSkybox":true,"showFlares":true,"showImageEffects":true,"showParticleSystems":true},"in2DMode":false,"pivot":{"x":-3.504448652267456,"y":1.7566189765930176,"z":-4.5},"rotation":{"x":0.3627457618713379,"y":0.5966615676879883,"z":-0.34512338042259219,"w":0.6271418929100037},"size":1.0198438167572022,"orthographic":true}