{"cameraMode":{"drawMode":0,"name":"Shaded","section":"Shading Mode"},"sceneLighting":true,"audioPlay":false,"sceneViewState":{"showFog":true,"showMaterialUpdate":false,"showSkybox":true,"showFlares":true,"showImageEffects":true,"showParticleSystems":true},"in2DMode":false,"pivot":{"x":-1.003495216369629,"y":0.47499996423721316,"z":-0.4995311498641968},"rotation":{"x":0.7178982496261597,"y":-0.06598702073097229,"z":0.06869503110647202,"w":0.689600944519043},"size":1.4006928205490113,"orthographic":true}