{"cameraMode":{"drawMode":0,"name":"Shaded","section":"Shading Mode"},"sceneLighting":true,"audioPlay":false,"sceneViewState":{"showFog":true,"showMaterialUpdate":true,"showSkybox":true,"showFlares":true,"showImageEffects":true,"showParticleSystems":true},"in2DMode":false,"pivot":{"x":2.341160297393799,"y":1.4267578125,"z":-1.8871029615402222},"rotation":{"x":0.47147247195243838,"y":-0.2053210735321045,"z":0.11387918889522553,"w":0.8500521183013916},"size":3.564605236053467,"orthographic":true}