{"cameraMode":{"drawMode":0,"name":"Shaded","section":"Shading Mode"},"sceneLighting":true,"audioPlay":false,"sceneViewState":{"showFog":true,"showMaterialUpdate":false,"showSkybox":true,"showFlares":true,"showImageEffects":true,"showParticleSystems":true},"in2DMode":false,"pivot":{"x":0.09409233182668686,"y":1.2184460163116456,"z":-0.01708984375},"rotation":{"x":0.3794776499271393,"y":-0.026362866163253785,"z":0.010818028822541237,"w":0.9247623682022095},"size":12.252731323242188,"orthographic":true}